prospect_id,first_name,last_name,email,phone,city,pin_code,preferred_model,contact_permission,source_system
LEAD-2001,Isha,Sharma,isha.sharma@example.test,+919000002001,Bengaluru,560001,SVT Stride 200 Demo,true,LeadCapture
LEAD-2002,Karan,Singh,karan.singh@example.test,+919000002002,Pune,411001,SVT Stride 200 Demo,true,LeadCapture
LEAD-2003,Aditi,Menon,aditi.menon@example.test,+919000002003,Chennai,600001,SVT Urban 125 Demo,false,LeadCapture
LEAD-2004,Rohit,Verma,rohit.verma@example.test,+919000002004,Delhi,110001,SVT Stride 200 Demo,true,LeadCapture
LEAD-2005,Naveen,Kumar,naveen.kumar@example.test,+919000002005,Bengaluru,560001,SVT Stride 200 Demo,true,LeadCapture
LEAD-2006,Vikram,Patel,vikram.patel@example.test,+919000002006,Pune,411001,SVT Stride 200 Demo,true,LeadCapture
LEAD-2007,Sneha,Reddy,sneha.reddy@example.test,+919000002007,Chennai,600001,SVT Urban 125 Demo,false,LeadCapture
LEAD-2008,Arjun,Mehta,arjun.mehta@example.test,+919000002008,Delhi,110001,SVT Stride 200 Demo,true,LeadCapture
LEAD-2009,Lakshmi,Iyer,lakshmi.iyer@example.test,+919000002009,Bengaluru,560001,SVT Stride 200 Demo,true,LeadCapture
